{
  "format": "rewritten_category_object_parameters.v1",
  "category": "Pen",
  "object": {
    "id": "6db9d631ff966a5b6e839cadad6117f7",
    "type": "mesh",
    "source_object_index": 19,
    "concepts": [
      {
        "template": "DoubleLayerPenBarrel",
        "semantic": "barrel",
        "parameters": {
          "main_top_outer_radius": 0.04,
          "main_bottom_outer_radius": 0.05,
          "main_height": 1.34,
          "bottom_bottom_outer_radius": 0.01,
          "bottom_height": 0.23,
          "wall_thickness": 0.01,
          "position": [
            -0.002153642363109763,
            0.32984265792604456,
            -0.014254221720396563
          ],
          "rotation": [
            -0.8070889145700126,
            7.599254807498344,
            -0.3067391981558717
          ]
        },
        "source": {
          "legacy_template": "Double_Layer_Barrel",
          "source_concept_index": 0
        }
      },
      {
        "template": "SinglePenCap",
        "semantic": "cap",
        "parameters": {
          "top_outer_radius": 0.055,
          "bottom_outer_radius": 0.05,
          "total_height": 0.64,
          "top_inner_radius": 0.05,
          "bottom_inner_radius": 0.045,
          "hollow_height": 0.475,
          "position": [
            -0.0047539241776965654,
            -0.4150801841083645,
            -0.0038523973677335455
          ],
          "rotation": [
            -0.8070889145700126,
            7.599254807498344,
            -0.3067391981558717
          ]
        },
        "source": {
          "legacy_template": "Single_Cap",
          "source_concept_index": 1
        }
      },
      {
        "template": "TrifoldPenClip",
        "semantic": "clip",
        "parameters": {
          "root_size": [
            0.065,
            0.055,
            0.04
          ],
          "middle_size": [
            0.06,
            0.55,
            0.015
          ],
          "tip_size": [
            0.05,
            0.05,
            0.02
          ],
          "root_to_middle_drop": 0,
          "tip_return_drop": -0.04,
          "position": [
            0.0009763726793958608,
            -0.689375236476323,
            0.05010452420335361
          ],
          "rotation": [
            -0.8070889145700126,
            -7.599254807498344,
            179.69326080184413
          ]
        },
        "source": {
          "legacy_template": "Trifold_Clip",
          "source_concept_index": 2
        }
      },
      {
        "template": "CylindricalPenRefill",
        "semantic": "refill",
        "parameters": {
          "refill_radius": 0.01,
          "refill_height": 1.58,
          "tip_radius": 0.01,
          "connector_height": 0.05,
          "cone_height": 0.05,
          "tip_offset": [
            0,
            0
          ],
          "position": [
            -0.0027469952603980264,
            0.15986026444168275,
            -0.011880651062741915
          ],
          "rotation": [
            -0.8070889145700126,
            7.599254807498344,
            -0.3067391981558717
          ]
        },
        "source": {
          "legacy_template": "Cylindrical_Refill",
          "source_concept_index": 3
        }
      }
    ]
  }
}