{
  "format": "concept_template_object_parameters.v1",
  "category": "Scissors",
  "object": {
    "id": "1dec8bee-0e4e-11ed-9bcb-ec2e98c7e246",
    "type": "scanned",
    "source_object_index": 63,
    "concepts": [
      {
        "template": "DoubleLayeredCuboidalScissorsShaft",
        "semantic": "shaft",
        "parameters": {
          "rear_layer_size": [
            0.12,
            0.016,
            0.075
          ],
          "front_extension_size": [
            0.09,
            0.045
          ],
          "front_extension_offset_z": -0.016,
          "layer_offset_z": -0.015,
          "layer_yaw_degrees": 43,
          "left_layer_above": true,
          "central_shaft_enabled": true,
          "central_shaft_size": [
            0.025,
            0.058
          ],
          "central_shaft_offset": [
            -0.012,
            0.008,
            0.005
          ],
          "position": [
            0.020804482029338846,
            -0.19141584083223212,
            0.03677158421907463
          ],
          "rotation": [
            -97.96257785005831,
            10.05436884636586,
            90.2984369723902
          ]
        },
        "source": {
          "legacy_template": "Double_Cuboidal_Shaft",
          "source_concept_index": 0
        }
      },
      {
        "template": "CuspScissorsBlade",
        "semantic": "blade",
        "parameters": {
          "root_size": [
            0.26,
            0.018,
            0.075,
            0.04
          ],
          "root_tip_offset_z": 0,
          "tip_length": 0.035,
          "tip_offset_z": 0,
          "position": [
            -0.007999433795620611,
            -0.23261745136380124,
            0.03480052526333038
          ],
          "rotation": [
            -102.64751024355608,
            1.9861446033640577,
            47.77987228115592
          ]
        },
        "source": {
          "legacy_template": "Cusp_Blade",
          "source_concept_index": 1
        }
      },
      {
        "template": "CuspScissorsBlade",
        "semantic": "blade",
        "parameters": {
          "root_size": [
            0.26,
            0.018,
            0.075,
            0.04
          ],
          "root_tip_offset_z": 0,
          "tip_length": 0.035,
          "tip_offset_z": 0,
          "position": [
            0.05029832756037653,
            -0.22947950216543894,
            0.050785652591809935
          ],
          "rotation": [
            91.1343826124149,
            12.750470170667759,
            134.12674902756575
          ]
        },
        "source": {
          "legacy_template": "Cusp_Blade",
          "source_concept_index": 2
        }
      },
      {
        "template": "CuboidalScissorsHandle",
        "semantic": "handle",
        "parameters": {
          "root_size": [
            0.055,
            0.088,
            0.095,
            0.095
          ],
          "root_yaw_degrees": 41,
          "arm_size": [
            0.51,
            0.11,
            0.125
          ],
          "handle_offset_z": -0.005,
          "handle_yaw_degrees": 43,
          "position": [
            -0.10180671980095693,
            -0.09189763906599319,
            0.003720582076666659
          ],
          "rotation": [
            -97.96257785005831,
            10.05436884636586,
            90.2984369723902
          ]
        },
        "source": {
          "legacy_template": "Cuboidal_Handle",
          "source_concept_index": 3
        }
      },
      {
        "template": "CuboidalScissorsHandle",
        "semantic": "handle",
        "parameters": {
          "root_size": [
            0.055,
            0.055,
            0.075,
            0.08
          ],
          "root_yaw_degrees": 41,
          "arm_size": [
            0.52,
            0.07,
            0.098
          ],
          "handle_offset_z": 0.005,
          "handle_yaw_degrees": 41,
          "position": [
            0.15571726845412082,
            -0.09712315241575398,
            0.0414635022480237
          ],
          "rotation": [
            82.03742214994169,
            10.05436884636586,
            90.2984369723902
          ]
        },
        "source": {
          "legacy_template": "Cuboidal_Handle",
          "source_concept_index": 4
        }
      }
    ]
  }
}