{
  "format": "concept_template_object_parameters.v1",
  "category": "Scissors",
  "object": {
    "id": "1014695b-0e4e-11ed-9429-ec2e98c7e246",
    "type": "scanned",
    "source_object_index": 59,
    "concepts": [
      {
        "template": "DoubleLayeredCuboidalScissorsShaft",
        "semantic": "shaft",
        "parameters": {
          "rear_layer_size": [
            0.17,
            0.03,
            0.195
          ],
          "front_extension_size": [
            0.13,
            0.12
          ],
          "front_extension_offset_z": -0.038,
          "layer_offset_z": 0,
          "layer_yaw_degrees": 45,
          "left_layer_above": true,
          "central_shaft_enabled": true,
          "central_shaft_size": [
            0.053,
            0.15
          ],
          "central_shaft_offset": [
            0.018,
            0.013,
            -0.007
          ],
          "position": [
            0.12542878234085514,
            0.3267581605863207,
            -0.0008514991102168071
          ],
          "rotation": [
            -89.82081206074206,
            -0.4667894523358118,
            -111.00072992785475
          ]
        },
        "source": {
          "legacy_template": "Double_Cuboidal_Shaft",
          "source_concept_index": 0
        }
      },
      {
        "template": "CuspScissorsBlade",
        "semantic": "blade",
        "parameters": {
          "root_size": [
            0.655,
            0.03,
            0.155,
            0.045
          ],
          "root_tip_offset_z": 0,
          "tip_length": 0.04,
          "tip_offset_z": 0,
          "position": [
            0.20158224900376753,
            0.36458021804076796,
            -0.01418206222421082
          ],
          "rotation": [
            -89.69908761639579,
            -0.39931591934774197,
            -127.00104859265973
          ]
        },
        "source": {
          "legacy_template": "Cusp_Blade",
          "source_concept_index": 1
        }
      },
      {
        "template": "CuspScissorsBlade",
        "semantic": "blade",
        "parameters": {
          "root_size": [
            0.655,
            0.03,
            0.155,
            0.045
          ],
          "root_tip_offset_z": 0,
          "tip_length": 0.04,
          "tip_offset_z": 0,
          "position": [
            0.09422049995658935,
            0.4060353059937889,
            0.013457230898769525
          ],
          "rotation": [
            90.04357896921883,
            -0.49809730102136013,
            -95.00018942673343
          ]
        },
        "source": {
          "legacy_template": "Cusp_Blade",
          "source_concept_index": 2
        }
      },
      {
        "template": "CuboidalScissorsHandle",
        "semantic": "handle",
        "parameters": {
          "root_size": [
            0.18,
            0.145,
            0.15,
            0.165
          ],
          "root_yaw_degrees": 57,
          "arm_size": [
            0.84,
            0.165,
            0.13
          ],
          "handle_offset_z": -0.07,
          "handle_yaw_degrees": 17,
          "position": [
            0.2360961111362183,
            0.14069071516164763,
            0.0007722868861685066
          ],
          "rotation": [
            -89.82081206074206,
            -0.4667894523358118,
            -111.00072992785475
          ]
        },
        "source": {
          "legacy_template": "Cuboidal_Handle",
          "source_concept_index": 3
        }
      },
      {
        "template": "CuboidalScissorsHandle",
        "semantic": "handle",
        "parameters": {
          "root_size": [
            0.18,
            0.145,
            0.15,
            0.165
          ],
          "root_yaw_degrees": 57,
          "arm_size": [
            0.84,
            0.165,
            0.13
          ],
          "handle_offset_z": -0.07,
          "handle_yaw_degrees": 17,
          "position": [
            -0.08707335864234927,
            0.27545017034495856,
            -0.0004037410627709131
          ],
          "rotation": [
            90.17918793925794,
            -0.4667894523358118,
            -111.00072992785475
          ]
        },
        "source": {
          "legacy_template": "Cuboidal_Handle",
          "source_concept_index": 4
        }
      }
    ]
  }
}