{
  "format": "rewritten_category_object_parameters.v1",
  "category": "Scissors",
  "object": {
    "id": "01b24b02-0e4e-11ed-81d4-ec2e98c7e246",
    "type": "scanned",
    "source_object_index": 53,
    "concepts": [
      {
        "template": "DoubleLayeredCuboidalScissorsShaft",
        "semantic": "shaft",
        "parameters": {
          "rear_layer_size": [
            0.22,
            0.019,
            0.13
          ],
          "front_extension_size": [
            0.05,
            0.085
          ],
          "front_extension_offset_z": -0.023,
          "layer_offset_z": -0.03,
          "layer_yaw_degrees": 42,
          "left_layer_above": true,
          "central_shaft_enabled": true,
          "central_shaft_size": [
            0.028,
            0.068
          ],
          "central_shaft_offset": [
            -0.03,
            0.003,
            0
          ],
          "position": [
            0.06507699983354645,
            0.08152239447550147,
            0.00028860291981199474
          ],
          "rotation": [
            -89.658996189918,
            -0.3656746920020056,
            -133.00108818883027
          ]
        },
        "source": {
          "legacy_template": "Double_Cuboidal_Shaft",
          "source_concept_index": 0
        }
      },
      {
        "template": "CuspScissorsBlade",
        "semantic": "blade",
        "parameters": {
          "root_size": [
            0.8,
            0.029,
            0.13,
            0.075
          ],
          "root_tip_offset_z": 0,
          "tip_length": 0.08,
          "tip_offset_z": 0,
          "position": [
            0.15258828586819245,
            0.11297888124882842,
            -0.007986218308506435
          ],
          "rotation": [
            -89.50190255490948,
            -0.04357732246976659,
            -175.00018941963017
          ]
        },
        "source": {
          "legacy_template": "Cusp_Blade",
          "source_concept_index": 1
        }
      },
      {
        "template": "CuspScissorsBlade",
        "semantic": "blade",
        "parameters": {
          "root_size": [
            0.8,
            0.029,
            0.13,
            0.075
          ],
          "root_tip_offset_z": 0,
          "tip_length": 0.08,
          "tip_offset_z": 0,
          "position": [
            0.0904232212305629,
            0.17109488564295086,
            0.008507258337176415
          ],
          "rotation": [
            90.00872642467073,
            -0.4999238456454541,
            -91.00003807065285
          ]
        },
        "source": {
          "legacy_template": "Cusp_Blade",
          "source_concept_index": 2
        }
      },
      {
        "template": "HalfRingScissorsHandle",
        "semantic": "handle",
        "parameters": {
          "root_size": [
            0.11,
            0.088,
            0.09,
            0.12
          ],
          "root_yaw_degrees": 44,
          "outer_radius_x": 0.27,
          "outer_radius_z": 0.275,
          "inner_radius_x": 0.21,
          "inner_radius_z": 0.21,
          "ring_thickness": 0.088,
          "bridge_thickness_z": 0.07,
          "handle_offset_z": 0.007,
          "handle_yaw_degrees": 42,
          "position": [
            0.1352695490755172,
            -0.09979726516753518,
            0.0018709556173821436
          ],
          "rotation": [
            -89.658996189918,
            -0.3656746920020056,
            -133.00108818883027
          ]
        },
        "source": {
          "legacy_template": "Half_Ring_Handle",
          "source_concept_index": 3
        }
      },
      {
        "template": "HalfRingScissorsHandle",
        "semantic": "handle",
        "parameters": {
          "root_size": [
            0.11,
            0.088,
            0.09,
            0.12
          ],
          "root_yaw_degrees": 44,
          "outer_radius_x": 0.27,
          "outer_radius_z": 0.275,
          "inner_radius_x": 0.21,
          "inner_radius_z": 0.21,
          "ring_thickness": 0.088,
          "bridge_thickness_z": 0.07,
          "handle_offset_z": 0.007,
          "handle_yaw_degrees": 42,
          "position": [
            -0.12070424649119257,
            0.1388930719116122,
            -0.000212063397239271
          ],
          "rotation": [
            90.341003810082,
            -0.3656746920020056,
            -133.00108818883027
          ]
        },
        "source": {
          "legacy_template": "Half_Ring_Handle",
          "source_concept_index": 4
        }
      }
    ]
  }
}